<?xml version="1.0" encoding="UTF-8"?>
<project-private xmlns="http://www.netbeans.org/ns/project-private/1">
    <editor-bookmarks xmlns="http://www.netbeans.org/ns/editor-bookmarks/2" lastBookmarkId="0"/>
    <open-files xmlns="http://www.netbeans.org/ns/projectui-open-files/2">
        <group>
            <file>file:/C:/Users/Dalton%20Rothenberger/Documents/NetBeansProjects/OrderingSystem/src/taxes/States.java</file>
            <file>file:/C:/Users/Dalton%20Rothenberger/Documents/NetBeansProjects/OrderingSystem/src/UI/realPaper.java</file>
            <file>file:/C:/Users/Dalton%20Rothenberger/Documents/NetBeansProjects/OrderingSystem/src/ordering/Order.java</file>
            <file>file:/C:/Users/Dalton%20Rothenberger/Documents/NetBeansProjects/OrderingSystem/src/taxes/StateTaxMap.java</file>
            <file>file:/C:/Users/Dalton%20Rothenberger/Documents/NetBeansProjects/OrderingSystem/src/UI/Checkout.java</file>
            <file>file:/C:/Users/Dalton%20Rothenberger/Documents/NetBeansProjects/OrderingSystem/src/UI/BluePaper.java</file>
            <file>file:/C:/Users/Dalton%20Rothenberger/Documents/NetBeansProjects/OrderingSystem/src/UI/PosterBoard.java</file>
            <file>file:/C:/Users/Dalton%20Rothenberger/Documents/NetBeansProjects/OrderingSystem/src/UI/RedPaper.java</file>
            <file>file:/C:/Users/Dalton%20Rothenberger/Documents/NetBeansProjects/OrderingSystem/src/UI/TriFold.java</file>
            <file>file:/C:/Users/Dalton%20Rothenberger/Documents/NetBeansProjects/OrderingSystem/src/UI/AssortedCardStock.java</file>
            <file>file:/C:/Users/Dalton%20Rothenberger/Documents/NetBeansProjects/OrderingSystem/src/UI/OrderConfirmed.java</file>
        </group>
    </open-files>
</project-private>
