<?xml version="1.0" encoding="UTF-8"?>
<project-private xmlns="http://www.netbeans.org/ns/project-private/1">
    <editor-bookmarks xmlns="http://www.netbeans.org/ns/editor-bookmarks/2" lastBookmarkId="0"/>
    <open-files xmlns="http://www.netbeans.org/ns/projectui-open-files/2">
        <group>
            <file>file:/Users/michael/Downloads/OrderingSystem/src/customer/Customer.java</file>
            <file>file:/Users/michael/Downloads/OrderingSystem/src/UI/RedPaper.java</file>
            <file>file:/Users/michael/Downloads/OrderingSystem/src/UI/PosterBoard.java</file>
            <file>file:/Users/michael/Downloads/OrderingSystem/src/UI/ViewItem.java</file>
            <file>file:/Users/michael/Downloads/OrderingSystem/src/UI/BluePaper.java</file>
            <file>file:/Users/michael/Downloads/OrderingSystem/src/UI/Checkout.java</file>
            <file>file:/Users/michael/Downloads/OrderingSystem/src/UI/HomeScreen.java</file>
            <file>file:/Users/michael/Downloads/OrderingSystem/src/UI/AssortedCardStock.java</file>
        </group>
    </open-files>
</project-private>
