<?xml version="1.0" encoding="UTF-8"?>
<project-private xmlns="http://www.netbeans.org/ns/project-private/1">
    <editor-bookmarks xmlns="http://www.netbeans.org/ns/editor-bookmarks/2" lastBookmarkId="0"/>
    <open-files xmlns="http://www.netbeans.org/ns/projectui-open-files/2">
        <group>
            <file>file:/Users/michael/Downloads/OrderingSystem/src/UI/Login.java</file>
            <file>file:/Users/michael/Downloads/OrderingSystem/src/UI/ViewCart.java</file>
            <file>file:/Users/michael/Downloads/OrderingSystem/src/ordering/Order.java</file>
            <file>file:/Users/michael/Downloads/OrderingSystem/src/UI/Checkout.java</file>
            <file>file:/Users/michael/Downloads/OrderingSystem/src/UI/OrderConfirmed.java</file>
            <file>file:/Users/michael/Downloads/OrderingSystem/src/UI/CreateAccount.java</file>
            <file>file:/Users/michael/Downloads/OrderingSystem/src/UI/HomeScreen.java</file>
            <file>file:/Users/michael/Downloads/OrderingSystem/src/UI/UIBuilder.java</file>
        </group>
    </open-files>
</project-private>
